A01	AAAACT
A02	AAAGTT
A03	AAATTG
A04	AAGATT
A05	AATACA
A06	AATCTT
A07	AATTCT
A08	ACAATA
A09	ACTTAT
A10	AGATTA
A11	ATAAAC
A12	ATACAA
B01	ATATAG
B02	ATCAAA
B03	ATGAAT
B04	ATTACT
B05	ATTCTA
B06	ATTTCA
B07	CAAATA
B08	CATTAT
B09	CTATAT
B10	CTTTAA
B11	GATAAT
B12	GTAATA
C01	GTTTAT
C02	TAAAGT
C03	TAAGAT
C04	TAATGA
C05	TACTAT
C06	TAGTAA
C07	TATAGA
C08	TATGAA
C09	TATTGT
C10	TCATAT
C11	TCTTAA
C12	TGATTT
D01	TGTTTA
D02	TTAATC
D03	TTAGTT
D04	TTATTG
D05	TTGAAA
D06	TTTACA
D07	TTTCTT
D08	TTTTGA
D09	AGACCT
D10	CACCAA
D11	CCACAT
D12	CTAGTG
E01	GCTAGA
E02	GGGATT
E03	GTTCGA
E04	TCTGCA
E05	CCAACC
E06	GTACCG
E07	ACCGGC
E08	ACGGGG
E09	AGCGGG
E10	AGGGGC
E11	CACGGC
E12	CAGGGG
F01	CCCACG
F02	CCCCGT
F03	CCCTGG
F04	CCGGAC
F05	CCGTCG
F06	CCTGGC
F07	CGAGGC
F08	CGCCCT
F09	CGCGCA
F10	CGCTGC
F11	CGGCCA
F12	CGGGCT
G01	CGGTGG
G02	CGTGGG
G03	CTGCGG
G04	GACCGC
G05	GAGCGG
G06	GCACGG
G07	GCCAGG
G08	GCCCTC
G09	GCCGTG
G10	GCGAGC
G11	GCGCTG
G12	GCGGTC
H01	GCTCGC
H02	GGAGCC
H03	GGCCAC
H04	GGCGTC
H05	GGGCAG
H06	GGGGAC
H07	GGGTCG
H08	GGTGGC
H09	GTGCGC
H10	TCCCGC
H11	TCGGGC
H12	TGGCCG
